gene_name,length,full_length,GOs,pfams,signalp,TMHMM
Ophcf2|00036,1731,1731,GO:0022857|transmembrane transporter activity; GO:0051234|establishment of localization; GO:0005575|cellular_component; GO:0003674|molecular_function; GO:0006810|transport; GO:0008150|biological_process; GO:0016020|membrane; GO:0051179|localization; GO:0005215|transporter activity; GO:0055085|transmembrane transport;,PF13520|AA_permease_2; PF00324|AA_permease;,NA,11;
Ophcf2|00037,774,846,NA,NA,NA,NA
Ophcf2|00145,1965,2085,GO:0022857|transmembrane transporter activity; GO:0051234|establishment of localization; GO:0005575|cellular_component; GO:0044425|membrane part; GO:0003674|molecular_function; GO:0006810|transport; GO:0008150|biological_process; GO:0031224|intrinsic component of membrane; GO:0016021|integral component of membrane; GO:0051179|localization; GO:0005215|transporter activity; GO:0055085|transmembrane transport;,PF00083|Sugar_tr;,NA,9;
Ophcf2|00188,600,731,NA,NA,Has signal peptide;,NA
Ophcf2|00402,1488,1664,NA,NA,NA,4;
Ophcf2|00450,819,819,NA,NA,Has signal peptide;,NA
Ophcf2|00507,444,505,NA,NA,Has signal peptide;,NA
Ophcf2|00603,3453,3620,NA,PF05029|TIMELESS_C; PF04821|TIMELESS;,NA,NA
Ophcf2|00694,324,324,NA,NA,NA,NA
Ophcf2|00767,558,622,NA,NA,NA,NA
Ophcf2|00776,621,621,NA,NA,Has signal peptide;,NA
Ophcf2|00794,456,580,NA,NA,NA,NA
Ophcf2|00816,3021,3189,NA,PF13515|FUSC_2; PF10334|ArAE_2; PF10337|ArAE_2_N;,NA,11;
Ophcf2|00956,1476,1476,NA,PF16679|CDT1_C;,NA,NA
Ophcf2|01050,222,335,NA,NA,Has signal peptide;,NA
Ophcf2|01054,612,612,NA,NA,NA,NA
Ophcf2|01055,1398,1627,NA,NA,NA,NA
Ophcf2|01056,1554,1612,GO:0003824|catalytic activity; GO:0005488|binding; GO:1901265|nucleoside phosphate binding; GO:0097159|organic cyclic compound binding; GO:0048037|cofactor binding; GO:0055114|oxidation-reduction process; GO:0016491|oxidoreductase activity; GO:0003674|molecular_function; GO:0008150|biological_process; GO:0036094|small molecule binding; GO:0050662|coenzyme binding; GO:0043167|ion binding; GO:0050660|flavin adenine dinucleotide binding; GO:0000166|nucleotide binding; GO:0008152|metabolic process; GO:0043168|anion binding; GO:1901363|heterocyclic compound binding;,PF08031|BBE; PF01565|FAD_binding_4;,Has signal peptide;,NA
Ophcf2|01059,963,1313,NA,PF09084|NMT1;,NA,NA
Ophcf2|01130,780,851,NA,NA,NA,NA
Ophcf2|01161,750,750,NA,NA,NA,6;
Ophcf2|01173,1089,1150,GO:0019901|protein kinase binding; GO:0065009|regulation of molecular function; GO:0019222|regulation of metabolic process; GO:0003674|molecular_function; GO:0000079|regulation of cyclin-dependent protein serine/threonine kinase activity; GO:0031323|regulation of cellular metabolic process; GO:0045859|regulation of protein kinase activity; GO:0005488|binding; GO:0051246|regulation of protein metabolic process; GO:0080090|regulation of primary metabolic process; GO:0051338|regulation of transferase activity; GO:0019900|kinase binding; GO:0019899|enzyme binding; GO:0019220|regulation of phosphate metabolic process; GO:0050789|regulation of biological process; GO:0051171|regulation of nitrogen compound metabolic process; GO:0005515|protein binding; GO:0051174|regulation of phosphorus metabolic process; GO:0032268|regulation of cellular protein metabolic process; GO:0031399|regulation of protein modification process; GO:0042325|regulation of phosphorylation; GO:0051726|regulation of cell cycle; GO:0071900|regulation of protein serine/threonine kinase activity; GO:0065007|biological regulation; GO:0050794|regulation of cellular process; GO:0008150|biological_process; GO:0001932|regulation of protein phosphorylation; GO:1904029|regulation of cyclin-dependent protein kinase activity; GO:0050790|regulation of catalytic activity; GO:0043549|regulation of kinase activity; GO:0060255|regulation of macromolecule metabolic process;,PF00134|Cyclin_N; PF08613|Cyclin;,NA,NA
Ophcf2|01180,1077,1246,NA,PF10017|Methyltransf_33;,NA,NA
Ophcf2|01209,1431,1431,GO:0003824|catalytic activity; GO:0055114|oxidation-reduction process; GO:0016491|oxidoreductase activity; GO:0003674|molecular_function; GO:0008150|biological_process; GO:0008152|metabolic process;,PF01266|DAO;,NA,NA
Ophcf2|01230,1569,1768,GO:0005488|binding; GO:0003677|DNA binding; GO:0097159|organic cyclic compound binding; GO:0003674|molecular_function; GO:0003676|nucleic acid binding; GO:1901363|heterocyclic compound binding;,PF05224|NDT80_PhoG;,NA,NA
Ophcf2|01394,1176,1298,"GO:0003824|catalytic activity; GO:0044238|primary metabolic process; GO:0140096|catalytic activity, acting on a protein; GO:0016787|hydrolase activity; GO:0043170|macromolecule metabolic process; GO:0017171|serine hydrolase activity; GO:0006807|nitrogen compound metabolic process; GO:0003674|molecular_function; GO:0004175|endopeptidase activity; GO:0008236|serine-type peptidase activity; GO:0006508|proteolysis; GO:0008233|peptidase activity; GO:0019538|protein metabolic process; GO:0008150|biological_process; GO:0004252|serine-type endopeptidase activity; GO:0071704|organic substance metabolic process; GO:1901564|organonitrogen compound metabolic process; GO:0070011|peptidase activity, acting on L-amino acid peptides; GO:0008152|metabolic process;",PF00082|Peptidase_S8; PF05922|Inhibitor_I9;,Has signal peptide;,NA
Ophcf2|01413,1182,1182,"GO:0003824|catalytic activity; GO:0016740|transferase activity; GO:0003674|molecular_function; GO:0016747|transferase activity, transferring acyl groups other than amino-acyl groups; GO:0016746|transferase activity, transferring acyl groups;",PF03982|DAGAT;,NA,1;
Ophcf2|01422,1296,1296,NA,PF00026|Asp;,Has signal peptide;,NA
Ophcf2|01548,726,842,NA,NA,NA,NA
Ophcf2|01592,1761,1761,NA,PF10528|GLEYA; PF07691|PA14;,NA,NA
Ophcf2|01597,819,993,NA,NA,NA,4;
Ophcf2|01610,2613,2613,GO:0003674|molecular_function; GO:0005488|binding; GO:0005515|protein binding;,PF13857|Ank_5; PF00023|Ank; PF13637|Ank_4; PF12796|Ank_2;,NA,NA
Ophcf2|01611,588,588,GO:0003674|molecular_function; GO:0005488|binding; GO:0005515|protein binding;,PF12796|Ank_2; PF00023|Ank; PF13637|Ank_4;,NA,NA
Ophcf2|01612,1128,1313,"GO:0003824|catalytic activity; GO:0044238|primary metabolic process; GO:0140096|catalytic activity, acting on a protein; GO:0016787|hydrolase activity; GO:0043170|macromolecule metabolic process; GO:0017171|serine hydrolase activity; GO:0006807|nitrogen compound metabolic process; GO:0003674|molecular_function; GO:0004175|endopeptidase activity; GO:0008236|serine-type peptidase activity; GO:0006508|proteolysis; GO:0008233|peptidase activity; GO:0019538|protein metabolic process; GO:0008150|biological_process; GO:0004252|serine-type endopeptidase activity; GO:0071704|organic substance metabolic process; GO:1901564|organonitrogen compound metabolic process; GO:0070011|peptidase activity, acting on L-amino acid peptides; GO:0008152|metabolic process;",PF05922|Inhibitor_I9; PF00082|Peptidase_S8;,Has signal peptide;,NA
Ophcf2|01616,915,915,"GO:0003824|catalytic activity; GO:0016741|transferase activity, transferring one-carbon groups; GO:0016740|transferase activity; GO:0003674|molecular_function; GO:0016742|hydroxymethyl-, formyl- and related transferase activity; GO:0008150|biological_process; GO:0008152|metabolic process; GO:0009058|biosynthetic process;",PF13740|ACT_6; PF01842|ACT; PF00551|Formyl_trans_N;,NA,NA
Ophcf2|01618,1089,1142,NA,NA,NA,NA
Ophcf2|01655,1230,1230,"GO:0003824|catalytic activity; GO:0005488|binding; GO:1901265|nucleoside phosphate binding; GO:0097159|organic cyclic compound binding; GO:0055114|oxidation-reduction process; GO:0048037|cofactor binding; GO:0016491|oxidoreductase activity; GO:0003674|molecular_function; GO:0008150|biological_process; GO:0036094|small molecule binding; GO:0050662|coenzyme binding; GO:0043167|ion binding; GO:0016627|oxidoreductase activity, acting on the CH-CH group of donors; GO:0050660|flavin adenine dinucleotide binding; GO:0000166|nucleotide binding; GO:0008152|metabolic process; GO:0043168|anion binding; GO:1901363|heterocyclic compound binding;",PF00441|Acyl-CoA_dh_1; PF08028|Acyl-CoA_dh_2; PF02771|Acyl-CoA_dh_N; PF02770|Acyl-CoA_dh_M;,NA,NA
Ophcf2|01687,1155,1352,GO:0044419|interspecies interaction between organisms; GO:0005575|cellular_component; GO:0003674|molecular_function; GO:0044421|extracellular region part; GO:0008150|biological_process; GO:0009405|pathogenesis; GO:0051704|multi-organism process; GO:0090729|toxin activity; GO:0005615|extracellular space;,PF01375|Enterotoxin_a;,Has signal peptide;,NA
Ophcf2|01710,3444,3444,GO:0035639|purine ribonucleoside triphosphate binding; GO:0005488|binding; GO:1901265|nucleoside phosphate binding; GO:0097159|organic cyclic compound binding; GO:0017076|purine nucleotide binding; GO:0003674|molecular_function; GO:0032555|purine ribonucleotide binding; GO:0036094|small molecule binding; GO:0005524|ATP binding; GO:0043167|ion binding; GO:0032553|ribonucleotide binding; GO:0032559|adenyl ribonucleotide binding; GO:0000166|nucleotide binding; GO:0030554|adenyl nucleotide binding; GO:0043168|anion binding; GO:1901363|heterocyclic compound binding; GO:0097367|carbohydrate derivative binding; GO:0008144|drug binding;,PF00004|AAA;,NA,NA
Ophcf2|01828,2061,2061,NA,NA,NA,5;
Ophcf2|01886,2583,2836,"GO:0006950|response to stress; GO:0035639|purine ribonucleoside triphosphate binding; GO:0016874|ligase activity; GO:0097159|organic cyclic compound binding; GO:0003674|molecular_function; GO:0140097|catalytic activity, acting on DNA; GO:0003910|DNA ligase (ATP) activity; GO:0032553|ribonucleotide binding; GO:0071704|organic substance metabolic process; GO:0009987|cellular process; GO:0008144|drug binding; GO:0005488|binding; GO:0043170|macromolecule metabolic process; GO:0044237|cellular metabolic process; GO:0006807|nitrogen compound metabolic process; GO:0016886|ligase activity, forming phosphoric ester bonds; GO:0006259|DNA metabolic process; GO:0044260|cellular macromolecule metabolic process; GO:0043167|ion binding; GO:0006974|cellular response to DNA damage stimulus; GO:0000166|nucleotide binding; GO:0006725|cellular aromatic compound metabolic process; GO:0046483|heterocycle metabolic process; GO:0043168|anion binding; GO:1901363|heterocyclic compound binding; GO:0097367|carbohydrate derivative binding; GO:0003676|nucleic acid binding; GO:0003824|catalytic activity; GO:0006139|nucleobase-containing compound metabolic process; GO:0003677|DNA binding; GO:0033554|cellular response to stress; GO:0017076|purine nucleotide binding; GO:0005524|ATP binding; GO:0032559|adenyl ribonucleotide binding; GO:0034641|cellular nitrogen compound metabolic process; GO:0044238|primary metabolic process; GO:0003909|DNA ligase activity; GO:0006310|DNA recombination; GO:0006281|DNA repair; GO:1901265|nucleoside phosphate binding; GO:0051716|cellular response to stimulus; GO:0032555|purine ribonucleotide binding; GO:0008150|biological_process; GO:0036094|small molecule binding; GO:0050896|response to stimulus; GO:1901360|organic cyclic compound metabolic process; GO:0090304|nucleic acid metabolic process; GO:0008152|metabolic process; GO:0030554|adenyl nucleotide binding;",PF04675|DNA_ligase_A_N; PF01068|DNA_ligase_A_M; PF04679|DNA_ligase_A_C;,NA,NA
Ophcf2|01914,789,789,NA,NA,Has signal peptide;,NA
Ophcf2|01962,567,632,NA,NA,NA,NA
Ophcf2|01966,1371,2438,NA,NA,NA,NA
Ophcf2|01989,1761,2077,GO:0051234|establishment of localization; GO:0005575|cellular_component; GO:0022857|transmembrane transporter activity; GO:0003674|molecular_function; GO:0006810|transport; GO:0008150|biological_process; GO:0016020|membrane; GO:0051179|localization; GO:0005215|transporter activity; GO:0055085|transmembrane transport;,PF13520|AA_permease_2; PF00324|AA_permease;,NA,12;
Ophcf2|02004,540,775,NA,NA,Has signal peptide;,NA
Ophcf2|02079,966,1025,NA,NA,Has signal peptide;,NA
Ophcf2|02120,318,318,NA,NA,NA,NA
Ophcf2|02158,1905,2555,GO:0022857|transmembrane transporter activity; GO:0051234|establishment of localization; GO:0005575|cellular_component; GO:0044425|membrane part; GO:0003674|molecular_function; GO:0006810|transport; GO:0008150|biological_process; GO:0031224|intrinsic component of membrane; GO:0016021|integral component of membrane; GO:0051179|localization; GO:0005215|transporter activity; GO:0055085|transmembrane transport;,PF00083|Sugar_tr; PF07690|MFS_1;,NA,9;
Ophcf2|02162,6105,6258,"GO:0003824|catalytic activity; GO:0016741|transferase activity, transferring one-carbon groups; GO:0008168|methyltransferase activity; GO:0016740|transferase activity; GO:0003674|molecular_function;",PF13847|Methyltransf_31; PF00698|Acyl_transf_1; PF13649|Methyltransf_25; PF18558|HTH_51; PF13489|Methyltransf_23; PF00550|PP-binding; PF16073|SAT; PF00109|ketoacyl-synt; PF08242|Methyltransf_12; PF14765|PS-DH; PF08241|Methyltransf_11; PF02801|Ketoacyl-synt_C;,NA,NA
Ophcf2|02169,1359,1601,GO:0005488|binding; GO:1901265|nucleoside phosphate binding; GO:0097159|organic cyclic compound binding; GO:0048037|cofactor binding; GO:0003674|molecular_function; GO:0036094|small molecule binding; GO:0050662|coenzyme binding; GO:0043167|ion binding; GO:0050660|flavin adenine dinucleotide binding; GO:0000166|nucleotide binding; GO:0043168|anion binding; GO:1901363|heterocyclic compound binding; GO:0071949|FAD binding;,PF01494|FAD_binding_3;,NA,NA
Ophcf2|02174,2151,2228,"GO:0003824|catalytic activity; GO:0005488|binding; GO:0016614|oxidoreductase activity, acting on CH-OH group of donors; GO:1901265|nucleoside phosphate binding; GO:0055114|oxidation-reduction process; GO:0048037|cofactor binding; GO:0097159|organic cyclic compound binding; GO:0016491|oxidoreductase activity; GO:0003674|molecular_function; GO:0008150|biological_process; GO:0036094|small molecule binding; GO:0050662|coenzyme binding; GO:0043167|ion binding; GO:0050660|flavin adenine dinucleotide binding; GO:0000166|nucleotide binding; GO:0008152|metabolic process; GO:0043168|anion binding; GO:1901363|heterocyclic compound binding;",PF00732|GMC_oxred_N; PF05199|GMC_oxred_C;,Has signal peptide;,NA
Ophcf2|02222,1662,1662,NA,NA,Has signal peptide;,NA
Ophcf2|02230,1518,1979,"GO:0018130|heterocycle biosynthetic process; GO:0003674|molecular_function; GO:0016772|transferase activity, transferring phosphorus-containing groups; GO:0034654|nucleobase-containing compound biosynthetic process; GO:0071704|organic substance metabolic process; GO:0009987|cellular process; GO:0016779|nucleotidyltransferase activity; GO:0003896|DNA primase activity; GO:0006269|DNA replication, synthesis of RNA primer; GO:0003899|DNA-directed 5'-3' RNA polymerase activity; GO:0043170|macromolecule metabolic process; GO:0044237|cellular metabolic process; GO:0006807|nitrogen compound metabolic process; GO:0006259|DNA metabolic process; GO:0044260|cellular macromolecule metabolic process; GO:0034062|5'-3' RNA polymerase activity; GO:0044271|cellular nitrogen compound biosynthetic process; GO:0019438|aromatic compound biosynthetic process; GO:0006725|cellular aromatic compound metabolic process; GO:0009059|macromolecule biosynthetic process; GO:0046483|heterocycle metabolic process; GO:0140098|catalytic activity, acting on RNA; GO:0003824|catalytic activity; GO:0006139|nucleobase-containing compound metabolic process; GO:0034641|cellular nitrogen compound metabolic process; GO:0044238|primary metabolic process; GO:0009058|biosynthetic process; GO:1901362|organic cyclic compound biosynthetic process; GO:0097747|RNA polymerase activity; GO:0016740|transferase activity; GO:0008150|biological_process; GO:0044249|cellular biosynthetic process; GO:1901360|organic cyclic compound metabolic process; GO:0090304|nucleic acid metabolic process; GO:1901576|organic substance biosynthetic process; GO:0016070|RNA metabolic process; GO:0008152|metabolic process; GO:0032774|RNA biosynthetic process;",PF04104|DNA_primase_lrg;,NA,NA
Ophcf2|02251,552,552,NA,NA,Has signal peptide;,NA
Ophcf2|02261,1542,1542,NA,NA,Has signal peptide;,NA
Ophcf2|02308,2922,2922,GO:0005575|cellular_component; GO:0005488|binding; GO:0043229|intracellular organelle; GO:0003674|molecular_function; GO:0043231|intracellular membrane-bounded organelle; GO:0005634|nucleus; GO:0043226|organelle; GO:0042393|histone binding; GO:0043227|membrane-bounded organelle; GO:0044424|intracellular part; GO:0044464|cell part; GO:0005515|protein binding;,PF10384|Scm3;,NA,NA
Ophcf2|02396,939,1436,NA,PF13561|adh_short_C2; PF00106|adh_short;,NA,NA
Ophcf2|02397,1506,1937,"GO:0003824|catalytic activity; GO:0005506|iron ion binding; GO:0005488|binding; GO:0046906|tetrapyrrole binding; GO:0097159|organic cyclic compound binding; GO:0048037|cofactor binding; GO:0055114|oxidation-reduction process; GO:0046872|metal ion binding; GO:0003674|molecular_function; GO:0016705|oxidoreductase activity, acting on paired donors, with incorporation or reduction of molecular oxygen; GO:0016491|oxidoreductase activity; GO:0008150|biological_process; GO:0043167|ion binding; GO:0043169|cation binding; GO:0046914|transition metal ion binding; GO:0020037|heme binding; GO:0008152|metabolic process; GO:1901363|heterocyclic compound binding;",PF00067|p450;,Has signal peptide;,1;
Ophcf2|02399,921,921,NA,PF00106|adh_short; PF08659|KR;,NA,NA
Ophcf2|02412,1248,1248,GO:0003824|catalytic activity; GO:0005488|binding; GO:0046906|tetrapyrrole binding; GO:0097159|organic cyclic compound binding; GO:0055114|oxidation-reduction process; GO:0048037|cofactor binding; GO:0016491|oxidoreductase activity; GO:0003674|molecular_function; GO:0008150|biological_process; GO:0020037|heme binding; GO:0008152|metabolic process; GO:1901363|heterocyclic compound binding;,PF00042|Globin; PF11563|Protoglobin; PF00175|NAD_binding_1;,NA,NA
Ophcf2|02471,564,745,NA,NA,Has signal peptide;,NA
Ophcf2|02472,1647,1845,GO:0051234|establishment of localization; GO:0005575|cellular_component; GO:0044425|membrane part; GO:0016021|integral component of membrane; GO:0006810|transport; GO:0008150|biological_process; GO:0031224|intrinsic component of membrane; GO:0051179|localization; GO:0055085|transmembrane transport;,PF07690|MFS_1;,NA,14;
Ophcf2|02494,399,399,NA,NA,Has signal peptide;,NA
Ophcf2|02518,2589,2718,"GO:0065009|regulation of molecular function; GO:0035639|purine ribonucleoside triphosphate binding; GO:0010639|negative regulation of organelle organization; GO:0005575|cellular_component; GO:0097159|organic cyclic compound binding; GO:0003674|molecular_function; GO:0032553|ribonucleotide binding; GO:0071704|organic substance metabolic process; GO:0009987|cellular process; GO:0016887|ATPase activity; GO:0044424|intracellular part; GO:0051346|negative regulation of hydrolase activity; GO:0008144|drug binding; GO:0032991|protein-containing complex; GO:0005488|binding; GO:0043170|macromolecule metabolic process; GO:1905463|negative regulation of DNA duplex unwinding; GO:0016787|hydrolase activity; GO:0043229|intracellular organelle; GO:0044237|cellular metabolic process; GO:0006807|nitrogen compound metabolic process; GO:0006259|DNA metabolic process; GO:0043227|membrane-bounded organelle; GO:0051129|negative regulation of cellular component organization; GO:0044260|cellular macromolecule metabolic process; GO:0016462|pyrophosphatase activity; GO:0043167|ion binding; GO:0043086|negative regulation of catalytic activity; GO:0000166|nucleotide binding; GO:0006725|cellular aromatic compound metabolic process; GO:0050789|regulation of biological process; GO:0046483|heterocycle metabolic process; GO:0043168|anion binding; GO:0003676|nucleic acid binding; GO:1901363|heterocyclic compound binding; GO:0097367|carbohydrate derivative binding; GO:1905774|regulation of DNA helicase activity; GO:0044464|cell part; GO:0003824|catalytic activity; GO:0006139|nucleobase-containing compound metabolic process; GO:0003677|DNA binding; GO:0017111|nucleoside-triphosphatase activity; GO:0017076|purine nucleotide binding; GO:0043231|intracellular membrane-bounded organelle; GO:0005634|nucleus; GO:0005524|ATP binding; GO:0043226|organelle; GO:0033043|regulation of organelle organization; GO:0051097|negative regulation of helicase activity; GO:0032559|adenyl ribonucleotide binding; GO:0034641|cellular nitrogen compound metabolic process; GO:0044238|primary metabolic process; GO:0051128|regulation of cellular component organization; GO:0042555|MCM complex; GO:1905775|negative regulation of DNA helicase activity; GO:0051095|regulation of helicase activity; GO:1901265|nucleoside phosphate binding; GO:0048523|negative regulation of cellular process; GO:0065007|biological regulation; GO:0016818|hydrolase activity, acting on acid anhydrides, in phosphorus-containing anhydrides; GO:0050794|regulation of cellular process; GO:0044092|negative regulation of molecular function; GO:0032555|purine ribonucleotide binding; GO:0008150|biological_process; GO:0051336|regulation of hydrolase activity; GO:0036094|small molecule binding; GO:2001251|negative regulation of chromosome organization; GO:1901360|organic cyclic compound metabolic process; GO:0090304|nucleic acid metabolic process; GO:0006270|DNA replication initiation; GO:0050790|regulation of catalytic activity; GO:0033044|regulation of chromosome organization; GO:1905462|regulation of DNA duplex unwinding; GO:0048519|negative regulation of biological process; GO:0008152|metabolic process; GO:0016817|hydrolase activity, acting on acid anhydrides; GO:0030554|adenyl nucleotide binding;",PF17207|MCM_OB; PF14551|MCM_N; PF00493|MCM; PF01078|Mg_chelatase; PF17855|MCM_lid; PF07728|AAA_5; PF12619|MCM2_N;,NA,NA
Ophcf2|02534,1338,2438,NA,PF08659|KR;,NA,4;
Ophcf2|02580,1401,1401,NA,NA,NA,NA
Ophcf2|02606,801,861,NA,PF00106|adh_short; PF13561|adh_short_C2; PF08659|KR;,NA,NA
Ophcf2|02607,450,450,NA,NA,Has signal peptide;,1;
Ophcf2|02632,1533,1586,GO:0003674|molecular_function; GO:0005488|binding; GO:0005515|protein binding;,PF00400|WD40;,NA,NA
Ophcf2|02711,549,1696,NA,NA,NA,NA
Ophcf2|02712,552,1537,NA,NA,NA,NA
Ophcf2|02714,564,615,NA,NA,NA,4;
Ophcf2|02874,1671,1749,"GO:0035639|purine ribonucleoside triphosphate binding; GO:0005575|cellular_component; GO:0016874|ligase activity; GO:0097159|organic cyclic compound binding; GO:0043436|oxoacid metabolic process; GO:0003674|molecular_function; GO:0019752|carboxylic acid metabolic process; GO:0032553|ribonucleotide binding; GO:0071704|organic substance metabolic process; GO:0009987|cellular process; GO:0006433|prolyl-tRNA aminoacylation; GO:0044424|intracellular part; GO:0008144|drug binding; GO:0005488|binding; GO:0043170|macromolecule metabolic process; GO:0044237|cellular metabolic process; GO:0004812|aminoacyl-tRNA ligase activity; GO:0043039|tRNA aminoacylation; GO:0006082|organic acid metabolic process; GO:0006807|nitrogen compound metabolic process; GO:0034660|ncRNA metabolic process; GO:0004827|proline-tRNA ligase activity; GO:0043167|ion binding; GO:0000166|nucleotide binding; GO:0006725|cellular aromatic compound metabolic process; GO:0046483|heterocycle metabolic process; GO:0043168|anion binding; GO:0140098|catalytic activity, acting on RNA; GO:1901363|heterocyclic compound binding; GO:0097367|carbohydrate derivative binding; GO:0044464|cell part; GO:0003824|catalytic activity; GO:0006139|nucleobase-containing compound metabolic process; GO:0006399|tRNA metabolic process; GO:0017076|purine nucleotide binding; GO:0005524|ATP binding; GO:0006418|tRNA aminoacylation for protein translation; GO:0044281|small molecule metabolic process; GO:0032559|adenyl ribonucleotide binding; GO:0034641|cellular nitrogen compound metabolic process; GO:0140101|catalytic activity, acting on a tRNA; GO:0044238|primary metabolic process; GO:0006520|cellular amino acid metabolic process; GO:1901265|nucleoside phosphate binding; GO:0016875|ligase activity, forming carbon-oxygen bonds; GO:0032555|purine ribonucleotide binding; GO:0008150|biological_process; GO:0036094|small molecule binding; GO:1901360|organic cyclic compound metabolic process; GO:0090304|nucleic acid metabolic process; GO:0043038|amino acid activation; GO:1901564|organonitrogen compound metabolic process; GO:0016070|RNA metabolic process; GO:0008152|metabolic process; GO:0005737|cytoplasm; GO:0030554|adenyl nucleotide binding;",PF00587|tRNA-synt_2b; PF09180|ProRS-C_1; PF03129|HGTP_anticodon;,NA,NA
Ophcf2|02889,1164,1164,NA,PF00753|Lactamase_B;,NA,NA
Ophcf2|02942,615,666,NA,PF08659|KR;,NA,NA
Ophcf2|02964,867,867,NA,NA,NA,NA
Ophcf2|02987,1404,1578,GO:0003824|catalytic activity; GO:0003674|molecular_function; GO:0008150|biological_process; GO:0005975|carbohydrate metabolic process; GO:0071704|organic substance metabolic process; GO:0044238|primary metabolic process; GO:0008152|metabolic process;,PF00128|Alpha-amylase;,Has signal peptide;,NA
Ophcf2|02989,2142,2596,GO:0003824|catalytic activity; GO:0016491|oxidoreductase activity; GO:0003674|molecular_function;,PF00264|Tyrosinase;,Has signal peptide;,NA
Ophcf2|02990,957,957,NA,NA,NA,NA
Ophcf2|03052,201,392,NA,NA,NA,NA
Ophcf2|03124,438,645,NA,NA,Has signal peptide;,NA
Ophcf2|03149,1659,1659,NA,NA,NA,NA
Ophcf2|03290,5172,5226,NA,PF12231|Rif1_N;,NA,NA
Ophcf2|03366,1095,1147,NA,PF03167|UDG;,NA,NA
Ophcf2|03390,759,759,NA,NA,NA,NA
Ophcf2|03455,675,796,NA,NA,NA,4;
Ophcf2|03522,639,759,NA,NA,Has signal peptide;,NA
Ophcf2|03711,789,898,NA,PF05572|Peptidase_M43;,NA,NA
Ophcf2|03758,915,915,GO:0044419|interspecies interaction between organisms; GO:0005575|cellular_component; GO:0003674|molecular_function; GO:0044421|extracellular region part; GO:0008150|biological_process; GO:0009405|pathogenesis; GO:0051704|multi-organism process; GO:0090729|toxin activity; GO:0005615|extracellular space;,PF01375|Enterotoxin_a;,Has signal peptide;,NA
Ophcf2|03761,1074,1136,NA,PF05572|Peptidase_M43;,Has signal peptide;,NA
Ophcf2|03829,792,927,NA,PF06912|DUF1275;,NA,5;
Ophcf2|03830,1038,1166,GO:0003824|catalytic activity; GO:0043436|oxoacid metabolic process; GO:0044237|cellular metabolic process; GO:0016833|oxo-acid-lyase activity; GO:0003674|molecular_function; GO:0006082|organic acid metabolic process; GO:0019752|carboxylic acid metabolic process; GO:0008150|biological_process; GO:0004451|isocitrate lyase activity; GO:0044281|small molecule metabolic process; GO:0016830|carbon-carbon lyase activity; GO:0071704|organic substance metabolic process; GO:0009987|cellular process; GO:0008152|metabolic process; GO:0016829|lyase activity;,PF13714|PEP_mutase; PF00463|ICL;,NA,NA
Ophcf2|03843,2217,2320,"GO:0016641|oxidoreductase activity, acting on the CH-NH2 group of donors, oxygen as acceptor; GO:0003674|molecular_function; GO:0009308|amine metabolic process; GO:0071704|organic substance metabolic process; GO:0005488|binding; GO:0005507|copper ion binding; GO:0048037|cofactor binding; GO:0048038|quinone binding; GO:0006807|nitrogen compound metabolic process; GO:0055114|oxidation-reduction process; GO:0043167|ion binding; GO:0003824|catalytic activity; GO:0016491|oxidoreductase activity; GO:0043169|cation binding; GO:0016638|oxidoreductase activity, acting on the CH-NH2 group of donors; GO:0008131|primary amine oxidase activity; GO:0046872|metal ion binding; GO:0008150|biological_process; GO:0046914|transition metal ion binding; GO:1901564|organonitrogen compound metabolic process; GO:0008152|metabolic process;",PF02728|Cu_amine_oxidN3; PF01179|Cu_amine_oxid;,NA,NA
Ophcf2|03858,1524,1588,NA,PF11954|DUF3471; PF00144|Beta-lactamase;,NA,NA
Ophcf2|03908,909,1873,NA,PF01476|LysM;,Has signal peptide;,NA
Ophcf2|03911,1281,1414,NA,PF03663|Glyco_hydro_76;,NA,NA
Ophcf2|04139,1779,1840,GO:0044419|interspecies interaction between organisms; GO:0005575|cellular_component; GO:0003674|molecular_function; GO:0044421|extracellular region part; GO:0008150|biological_process; GO:0009405|pathogenesis; GO:0051704|multi-organism process; GO:0090729|toxin activity; GO:0005615|extracellular space;,PF01375|Enterotoxin_a;,Has signal peptide;,NA
Ophcf2|04217,2835,2914,"GO:0035639|purine ribonucleoside triphosphate binding; GO:0097159|organic cyclic compound binding; GO:0003674|molecular_function; GO:0032553|ribonucleotide binding; GO:0016887|ATPase activity; GO:0008144|drug binding; GO:0005488|binding; GO:0016787|hydrolase activity; GO:0016462|pyrophosphatase activity; GO:0043167|ion binding; GO:0000166|nucleotide binding; GO:0043168|anion binding; GO:1901363|heterocyclic compound binding; GO:0097367|carbohydrate derivative binding; GO:0003824|catalytic activity; GO:0017111|nucleoside-triphosphatase activity; GO:0017076|purine nucleotide binding; GO:0005524|ATP binding; GO:0032559|adenyl ribonucleotide binding; GO:1901265|nucleoside phosphate binding; GO:0016818|hydrolase activity, acting on acid anhydrides, in phosphorus-containing anhydrides; GO:0032555|purine ribonucleotide binding; GO:0036094|small molecule binding; GO:0016817|hydrolase activity, acting on acid anhydrides; GO:0030554|adenyl nucleotide binding;",PF07728|AAA_5; PF00004|AAA;,NA,NA
Ophcf2|04237,216,410,NA,PF05922|Inhibitor_I9;,NA,NA
Ophcf2|04342,804,804,NA,NA,NA,4;
Ophcf2|04391,1545,1957,"GO:0003824|catalytic activity; GO:0005506|iron ion binding; GO:0005488|binding; GO:0046906|tetrapyrrole binding; GO:0097159|organic cyclic compound binding; GO:0048037|cofactor binding; GO:0055114|oxidation-reduction process; GO:0046872|metal ion binding; GO:0003674|molecular_function; GO:0016705|oxidoreductase activity, acting on paired donors, with incorporation or reduction of molecular oxygen; GO:0016491|oxidoreductase activity; GO:0008150|biological_process; GO:0043167|ion binding; GO:0043169|cation binding; GO:0046914|transition metal ion binding; GO:0020037|heme binding; GO:0008152|metabolic process; GO:1901363|heterocyclic compound binding;",PF00067|p450;,NA,1;
Ophcf2|04534,1563,1563,NA,PF03372|Exo_endo_phos;,Has signal peptide;,NA
Ophcf2|04535,1740,1867,"GO:0003674|molecular_function; GO:0071704|organic substance metabolic process; GO:0070008|serine-type exopeptidase activity; GO:0004180|carboxypeptidase activity; GO:0140096|catalytic activity, acting on a protein; GO:0016787|hydrolase activity; GO:0043170|macromolecule metabolic process; GO:0008238|exopeptidase activity; GO:0006807|nitrogen compound metabolic process; GO:0070011|peptidase activity, acting on L-amino acid peptides; GO:0003824|catalytic activity; GO:0008236|serine-type peptidase activity; GO:0006508|proteolysis; GO:0008233|peptidase activity; GO:0019538|protein metabolic process; GO:0044238|primary metabolic process; GO:0017171|serine hydrolase activity; GO:0008150|biological_process; GO:1901564|organonitrogen compound metabolic process; GO:0008152|metabolic process; GO:0004185|serine-type carboxypeptidase activity;",PF00450|Peptidase_S10;,Has signal peptide;,NA
Ophcf2|04572,1176,1602,"GO:0003824|catalytic activity; GO:0003674|molecular_function; GO:0016787|hydrolase activity; GO:0016788|hydrolase activity, acting on ester bonds;",PF00657|Lipase_GDSL; PF13472|Lipase_GDSL_2;,NA,NA
Ophcf2|04574,837,837,GO:0044419|interspecies interaction between organisms; GO:0005575|cellular_component; GO:0003674|molecular_function; GO:0044421|extracellular region part; GO:0008150|biological_process; GO:0009405|pathogenesis; GO:0051704|multi-organism process; GO:0090729|toxin activity; GO:0005615|extracellular space;,PF01375|Enterotoxin_a;,Has signal peptide;,NA
Ophcf2|04610,1044,1267,NA,NA,Has signal peptide;,NA
Ophcf2|04630,717,1778,NA,NA,NA,NA
Ophcf2|04643,1242,1538,"GO:0009889|regulation of biosynthetic process; GO:0005575|cellular_component; GO:0051252|regulation of RNA metabolic process; GO:0019222|regulation of metabolic process; GO:0003674|molecular_function; GO:0031323|regulation of cellular metabolic process; GO:0010556|regulation of macromolecule biosynthetic process; GO:0140110|transcription regulator activity; GO:0044424|intracellular part; GO:0005488|binding; GO:0008270|zinc ion binding; GO:0080090|regulation of primary metabolic process; GO:0043229|intracellular organelle; GO:0043167|ion binding; GO:0050789|regulation of biological process; GO:0044464|cell part; GO:0051171|regulation of nitrogen compound metabolic process; GO:0019219|regulation of nucleobase-containing compound metabolic process; GO:0010468|regulation of gene expression; GO:1903506|regulation of nucleic acid-templated transcription; GO:0043231|intracellular membrane-bounded organelle; GO:0005634|nucleus; GO:0043226|organelle; GO:0043169|cation binding; GO:0000981|DNA-binding transcription factor activity, RNA polymerase II-specific; GO:0003700|DNA-binding transcription factor activity; GO:0031326|regulation of cellular biosynthetic process; GO:0065007|biological regulation; GO:0046872|metal ion binding; GO:2001141|regulation of RNA biosynthetic process; GO:0050794|regulation of cellular process; GO:0008150|biological_process; GO:0046914|transition metal ion binding; GO:2000112|regulation of cellular macromolecule biosynthetic process; GO:0006355|regulation of transcription, DNA-templated; GO:0043227|membrane-bounded organelle; GO:0060255|regulation of macromolecule metabolic process;",PF00172|Zn_clus;,NA,NA
Ophcf2|04681,897,1073,GO:0003824|catalytic activity; GO:0003674|molecular_function; GO:0016787|hydrolase activity;,PF08237|PE-PPE; PF01083|Cutinase;,Has signal peptide;,1;
Ophcf2|04692,921,921,"GO:0005575|cellular_component; GO:0005506|iron ion binding; GO:0044275|cellular carbohydrate catabolic process; GO:0050113|inositol oxygenase activity; GO:0003674|molecular_function; GO:0044282|small molecule catabolic process; GO:0009056|catabolic process; GO:0019310|inositol catabolic process; GO:1901615|organic hydroxy compound metabolic process; GO:0071704|organic substance metabolic process; GO:0009987|cellular process; GO:0019751|polyol metabolic process; GO:0046174|polyol catabolic process; GO:0044424|intracellular part; GO:0046164|alcohol catabolic process; GO:0005488|binding; GO:0055114|oxidation-reduction process; GO:0044237|cellular metabolic process; GO:0044262|cellular carbohydrate metabolic process; GO:0006020|inositol metabolic process; GO:1901616|organic hydroxy compound catabolic process; GO:0043167|ion binding; GO:0006066|alcohol metabolic process; GO:0044464|cell part; GO:0003824|catalytic activity; GO:0016491|oxidoreductase activity; GO:0044281|small molecule metabolic process; GO:0043169|cation binding; GO:1901575|organic substance catabolic process; GO:0044238|primary metabolic process; GO:0016052|carbohydrate catabolic process; GO:0046872|metal ion binding; GO:0008150|biological_process; GO:0005975|carbohydrate metabolic process; GO:0016701|oxidoreductase activity, acting on single donors with incorporation of molecular oxygen; GO:0046914|transition metal ion binding; GO:0008152|metabolic process; GO:0044248|cellular catabolic process; GO:0005737|cytoplasm;",PF05153|MIOX;,NA,NA
Ophcf2|04788,597,654,NA,PF01476|LysM;,Has signal peptide;,NA
Ophcf2|04806,615,791,NA,NA,Has signal peptide;,3;
Ophcf2|04811,624,624,NA,NA,Has signal peptide;,NA
Ophcf2|04814,951,951,NA,NA,Has signal peptide;,NA
Ophcf2|04815,1233,1436,NA,NA,NA,NA
Ophcf2|04833,1944,2159,"GO:0003824|catalytic activity; GO:0016787|hydrolase activity; GO:0003674|molecular_function; GO:0016788|hydrolase activity, acting on ester bonds; GO:0016791|phosphatase activity; GO:0008484|sulfuric ester hydrolase activity; GO:0042578|phosphoric ester hydrolase activity;",PF00245|Alk_phosphatase; PF01663|Phosphodiest; PF00884|Sulfatase;,Has signal peptide;,NA
Ophcf2|04879,270,270,NA,NA,Has signal peptide;,NA
Ophcf2|04950,474,617,NA,NA,NA,1;
Ophcf2|04968,2007,2120,NA,PF05572|Peptidase_M43;,Has signal peptide;,NA
Ophcf2|05062,714,714,NA,NA,NA,1;
Ophcf2|05172,2523,2523,NA,NA,Has signal peptide;,NA
Ophcf2|05197,1242,1413,NA,NA,Has signal peptide;,1;
Ophcf2|05233,549,668,NA,PF07510|DUF1524;,NA,NA
Ophcf2|05311,1305,1305,NA,NA,NA,NA
Ophcf2|05373,684,746,NA,NA,NA,1;
Ophcf2|05381,975,975,NA,NA,Has signal peptide;,1;
Ophcf2|05384,459,459,NA,NA,Has signal peptide;,NA
Ophcf2|05400,966,966,NA,PF13460|NAD_binding_10; PF05368|NmrA;,NA,NA
Ophcf2|05419,495,678,NA,NA,Has signal peptide;,NA
Ophcf2|05470,5154,5705,GO:0006325|chromatin organization; GO:0035639|purine ribonucleoside triphosphate binding; GO:0005575|cellular_component; GO:0006464|cellular protein modification process; GO:0044451|nucleoplasm part; GO:0097159|organic cyclic compound binding; GO:0016575|histone deacetylation; GO:0003674|molecular_function; GO:0071840|cellular component organization or biogenesis; GO:0032553|ribonucleotide binding; GO:0071704|organic substance metabolic process; GO:0009987|cellular process; GO:0044424|intracellular part; GO:0008144|drug binding; GO:0044267|cellular protein metabolic process; GO:0016043|cellular component organization; GO:0043412|macromolecule modification; GO:0032991|protein-containing complex; GO:0005488|binding; GO:0043170|macromolecule metabolic process; GO:0006476|protein deacetylation; GO:0016787|hydrolase activity; GO:0044237|cellular metabolic process; GO:0006807|nitrogen compound metabolic process; GO:0098732|macromolecule deacylation; GO:0044260|cellular macromolecule metabolic process; GO:0043167|ion binding; GO:0000166|nucleotide binding; GO:0044427|chromosomal part; GO:0043168|anion binding; GO:1901363|heterocyclic compound binding; GO:0097367|carbohydrate derivative binding; GO:0016569|covalent chromatin modification; GO:0044464|cell part; GO:0003676|nucleic acid binding; GO:0003824|catalytic activity; GO:0044446|intracellular organelle part; GO:0003677|DNA binding; GO:0017076|purine nucleotide binding; GO:0019538|protein metabolic process; GO:0035601|protein deacylation; GO:0044422|organelle part; GO:0005524|ATP binding; GO:0016570|histone modification; GO:0000118|histone deacetylase complex; GO:0032559|adenyl ribonucleotide binding; GO:0044238|primary metabolic process; GO:0044428|nuclear part; GO:0036211|protein modification process; GO:1901265|nucleoside phosphate binding; GO:0032555|purine ribonucleotide binding; GO:0008150|biological_process; GO:0070823|HDA1 complex; GO:0036094|small molecule binding; GO:1901564|organonitrogen compound metabolic process; GO:0044454|nuclear chromosome part; GO:1902494|catalytic complex; GO:0008152|metabolic process; GO:0030554|adenyl nucleotide binding;,PF00176|SNF2_N; PF15446|zf-PHD-like; PF00385|Chromo; PF00271|Helicase_C; PF11496|HDA2-3; PF04851|ResIII;,NA,NA
Ophcf2|05566,324,1284,NA,NA,NA,NA
Ophcf2|05601,2772,2899,GO:0035639|purine ribonucleoside triphosphate binding; GO:0097159|organic cyclic compound binding; GO:0003674|molecular_function; GO:0032553|ribonucleotide binding; GO:0071704|organic substance metabolic process; GO:0009987|cellular process; GO:0008144|drug binding; GO:0005488|binding; GO:0043170|macromolecule metabolic process; GO:0044237|cellular metabolic process; GO:0006807|nitrogen compound metabolic process; GO:0006259|DNA metabolic process; GO:0044260|cellular macromolecule metabolic process; GO:0043167|ion binding; GO:0000166|nucleotide binding; GO:0006725|cellular aromatic compound metabolic process; GO:0046483|heterocycle metabolic process; GO:0043168|anion binding; GO:0003676|nucleic acid binding; GO:1901363|heterocyclic compound binding; GO:0097367|carbohydrate derivative binding; GO:0006139|nucleobase-containing compound metabolic process; GO:0003677|DNA binding; GO:0017076|purine nucleotide binding; GO:0005524|ATP binding; GO:0032559|adenyl ribonucleotide binding; GO:0034641|cellular nitrogen compound metabolic process; GO:0044238|primary metabolic process; GO:1901265|nucleoside phosphate binding; GO:0032555|purine ribonucleotide binding; GO:0008150|biological_process; GO:0036094|small molecule binding; GO:1901360|organic cyclic compound metabolic process; GO:0090304|nucleic acid metabolic process; GO:0006270|DNA replication initiation; GO:0008152|metabolic process; GO:0030554|adenyl nucleotide binding;,PF17207|MCM_OB; PF01078|Mg_chelatase; PF00493|MCM; PF14551|MCM_N; PF17855|MCM_lid; PF18263|MCM6_C;,NA,NA
Ophcf2|05660,810,916,NA,PF13430|DUF4112;,NA,2;
Ophcf2|05674,4284,4600,"GO:0097159|organic cyclic compound binding; GO:0003674|molecular_function; GO:0016772|transferase activity, transferring phosphorus-containing groups; GO:0140097|catalytic activity, acting on DNA; GO:0071704|organic substance metabolic process; GO:0009987|cellular process; GO:0016779|nucleotidyltransferase activity; GO:0005488|binding; GO:0043170|macromolecule metabolic process; GO:0044237|cellular metabolic process; GO:0006807|nitrogen compound metabolic process; GO:0006259|DNA metabolic process; GO:0034061|DNA polymerase activity; GO:0044260|cellular macromolecule metabolic process; GO:0000166|nucleotide binding; GO:0006725|cellular aromatic compound metabolic process; GO:0009059|macromolecule biosynthetic process; GO:0046483|heterocycle metabolic process; GO:0003676|nucleic acid binding; GO:1901363|heterocyclic compound binding; GO:0097367|carbohydrate derivative binding; GO:0003824|catalytic activity; GO:0006139|nucleobase-containing compound metabolic process; GO:0003677|DNA binding; GO:0034645|cellular macromolecule biosynthetic process; GO:0006260|DNA replication; GO:0034641|cellular nitrogen compound metabolic process; GO:0044238|primary metabolic process; GO:0009058|biosynthetic process; GO:0001882|nucleoside binding; GO:1901265|nucleoside phosphate binding; GO:0016740|transferase activity; GO:0008150|biological_process; GO:0036094|small molecule binding; GO:0044249|cellular biosynthetic process; GO:1901360|organic cyclic compound metabolic process; GO:0090304|nucleic acid metabolic process; GO:1901576|organic substance biosynthetic process; GO:0003887|DNA-directed DNA polymerase activity; GO:0008152|metabolic process;",PF03104|DNA_pol_B_exo1; PF00136|DNA_pol_B; PF08996|zf-DNA_Pol; PF12254|DNA_pol_alpha_N;,NA,NA
Ophcf2|05693,2745,2929,"GO:0035639|purine ribonucleoside triphosphate binding; GO:0097159|organic cyclic compound binding; GO:0003674|molecular_function; GO:0071704|organic substance metabolic process; GO:0032553|ribonucleotide binding; GO:0009987|cellular process; GO:0008144|drug binding; GO:0005488|binding; GO:0043170|macromolecule metabolic process; GO:0055114|oxidation-reduction process; GO:0044237|cellular metabolic process; GO:0006807|nitrogen compound metabolic process; GO:0006259|DNA metabolic process; GO:0044260|cellular macromolecule metabolic process; GO:0043167|ion binding; GO:0000166|nucleotide binding; GO:0006725|cellular aromatic compound metabolic process; GO:0009059|macromolecule biosynthetic process; GO:0046483|heterocycle metabolic process; GO:0043168|anion binding; GO:1901363|heterocyclic compound binding; GO:0061731|ribonucleoside-diphosphate reductase activity; GO:0097367|carbohydrate derivative binding; GO:0003824|catalytic activity; GO:0006139|nucleobase-containing compound metabolic process; GO:0034645|cellular macromolecule biosynthetic process; GO:0017076|purine nucleotide binding; GO:0016491|oxidoreductase activity; GO:0006260|DNA replication; GO:0005524|ATP binding; GO:0016725|oxidoreductase activity, acting on CH or CH2 groups; GO:0032559|adenyl ribonucleotide binding; GO:0034641|cellular nitrogen compound metabolic process; GO:0044238|primary metabolic process; GO:0009058|biosynthetic process; GO:1901265|nucleoside phosphate binding; GO:0004748|ribonucleoside-diphosphate reductase activity, thioredoxin disulfide as acceptor; GO:0008150|biological_process; GO:0032555|purine ribonucleotide binding; GO:0036094|small molecule binding; GO:0044249|cellular biosynthetic process; GO:1901360|organic cyclic compound metabolic process; GO:0090304|nucleic acid metabolic process; GO:1901576|organic substance biosynthetic process; GO:0016728|oxidoreductase activity, acting on CH or CH2 groups, disulfide as acceptor; GO:0008152|metabolic process; GO:0030554|adenyl nucleotide binding;",PF03477|ATP-cone; PF00317|Ribonuc_red_lgN; PF02867|Ribonuc_red_lgC;,NA,NA
Ophcf2|05732,3969,3969,GO:0003674|molecular_function; GO:0005488|binding; GO:0005515|protein binding;,PF00023|Ank;,Has signal peptide;,NA
Ophcf2|05754,375,375,NA,NA,Has signal peptide;,NA
Ophcf2|05924,732,1813,"GO:0003824|catalytic activity; GO:0044238|primary metabolic process; GO:0140096|catalytic activity, acting on a protein; GO:0016787|hydrolase activity; GO:0043170|macromolecule metabolic process; GO:0017171|serine hydrolase activity; GO:0006807|nitrogen compound metabolic process; GO:0003674|molecular_function; GO:0004175|endopeptidase activity; GO:0008236|serine-type peptidase activity; GO:0006508|proteolysis; GO:0008233|peptidase activity; GO:0019538|protein metabolic process; GO:0008150|biological_process; GO:0004252|serine-type endopeptidase activity; GO:0071704|organic substance metabolic process; GO:1901564|organonitrogen compound metabolic process; GO:0070011|peptidase activity, acting on L-amino acid peptides; GO:0008152|metabolic process;",PF00082|Peptidase_S8;,Has signal peptide;,NA
Ophcf2|05940,2310,3578,GO:0022890|inorganic cation transmembrane transporter activity; GO:0005575|cellular_component; GO:0043386|mycotoxin biosynthetic process; GO:0003674|molecular_function; GO:0008324|cation transmembrane transporter activity; GO:0046873|metal ion transmembrane transporter activity; GO:0006811|ion transport; GO:0016020|membrane; GO:0009987|cellular process; GO:0030001|metal ion transport; GO:0022857|transmembrane transporter activity; GO:0044237|cellular metabolic process; GO:0015318|inorganic molecular entity transmembrane transporter activity; GO:0044550|secondary metabolite biosynthetic process; GO:0051234|establishment of localization; GO:0006812|cation transport; GO:0006810|transport; GO:0051179|localization; GO:0043385|mycotoxin metabolic process; GO:0009058|biosynthetic process; GO:0015075|ion transmembrane transporter activity; GO:0009404|toxin metabolic process; GO:0009403|toxin biosynthetic process; GO:0019748|secondary metabolic process; GO:0008150|biological_process; GO:0055085|transmembrane transport; GO:0044249|cellular biosynthetic process; GO:0005215|transporter activity; GO:0008152|metabolic process;,PF11807|DUF3328; PF01544|CorA;,NA,3;
Ophcf2|05946,261,363,NA,NA,Has signal peptide;,NA
Ophcf2|05954,573,573,"GO:0003824|catalytic activity; GO:0140096|catalytic activity, acting on a protein; GO:0016787|hydrolase activity; GO:0008138|protein tyrosine/serine/threonine phosphatase activity; GO:0006796|phosphate-containing compound metabolic process; GO:0003674|molecular_function; GO:0044237|cellular metabolic process; GO:0016788|hydrolase activity, acting on ester bonds; GO:0008150|biological_process; GO:0006793|phosphorus metabolic process; GO:0016791|phosphatase activity; GO:0009987|cellular process; GO:0042578|phosphoric ester hydrolase activity; GO:0004721|phosphoprotein phosphatase activity; GO:0016311|dephosphorylation; GO:0008152|metabolic process;",PF00782|DSPc;,NA,NA
Ophcf2|06019,339,339,NA,NA,Has signal peptide;,NA
Ophcf2|06020,2073,3062,GO:0044419|interspecies interaction between organisms; GO:0005575|cellular_component; GO:0003674|molecular_function; GO:0044421|extracellular region part; GO:0008150|biological_process; GO:0009405|pathogenesis; GO:0051704|multi-organism process; GO:0090729|toxin activity; GO:0005615|extracellular space;,PF01375|Enterotoxin_a;,Has signal peptide;,NA
Ophcf2|06075,2658,2793,GO:0035639|purine ribonucleoside triphosphate binding; GO:0097159|organic cyclic compound binding; GO:0003674|molecular_function; GO:0032553|ribonucleotide binding; GO:0071704|organic substance metabolic process; GO:0009987|cellular process; GO:0008144|drug binding; GO:0005488|binding; GO:0043170|macromolecule metabolic process; GO:0044237|cellular metabolic process; GO:0006807|nitrogen compound metabolic process; GO:0006259|DNA metabolic process; GO:0044260|cellular macromolecule metabolic process; GO:0043167|ion binding; GO:0000166|nucleotide binding; GO:0006725|cellular aromatic compound metabolic process; GO:0046483|heterocycle metabolic process; GO:0043168|anion binding; GO:0003676|nucleic acid binding; GO:1901363|heterocyclic compound binding; GO:0097367|carbohydrate derivative binding; GO:0006139|nucleobase-containing compound metabolic process; GO:0003677|DNA binding; GO:0017076|purine nucleotide binding; GO:0005524|ATP binding; GO:0032559|adenyl ribonucleotide binding; GO:0034641|cellular nitrogen compound metabolic process; GO:0044238|primary metabolic process; GO:1901265|nucleoside phosphate binding; GO:0032555|purine ribonucleotide binding; GO:0008150|biological_process; GO:0036094|small molecule binding; GO:1901360|organic cyclic compound metabolic process; GO:0090304|nucleic acid metabolic process; GO:0006270|DNA replication initiation; GO:0008152|metabolic process; GO:0030554|adenyl nucleotide binding;,PF00493|MCM; PF01078|Mg_chelatase; PF14551|MCM_N; PF17207|MCM_OB; PF17855|MCM_lid;,NA,NA
Ophcf2|06094,909,963,NA,PF00561|Abhydrolase_1; PF12146|Hydrolase_4; PF12697|Abhydrolase_6;,NA,NA
Ophcf2|06201,1482,1561,GO:0051234|establishment of localization; GO:0005575|cellular_component; GO:0022857|transmembrane transporter activity; GO:0044425|membrane part; GO:0016021|integral component of membrane; GO:0006810|transport; GO:0008150|biological_process; GO:0031224|intrinsic component of membrane; GO:0003674|molecular_function; GO:0051179|localization; GO:0005215|transporter activity; GO:0055085|transmembrane transport;,PF07690|MFS_1; PF00083|Sugar_tr;,NA,12;
Ophcf2|06318,2487,2670,GO:0035639|purine ribonucleoside triphosphate binding; GO:0097159|organic cyclic compound binding; GO:0003674|molecular_function; GO:0032553|ribonucleotide binding; GO:0008144|drug binding; GO:0005488|binding; GO:0016787|hydrolase activity; GO:0043167|ion binding; GO:0000166|nucleotide binding; GO:0003676|nucleic acid binding; GO:0043168|anion binding; GO:1901363|heterocyclic compound binding; GO:0097367|carbohydrate derivative binding; GO:0003824|catalytic activity; GO:0003677|DNA binding; GO:0017076|purine nucleotide binding; GO:0005524|ATP binding; GO:0032559|adenyl ribonucleotide binding; GO:1901265|nucleoside phosphate binding; GO:0032555|purine ribonucleotide binding; GO:0036094|small molecule binding; GO:0030554|adenyl nucleotide binding;,PF00271|Helicase_C; PF04851|ResIII; PF00176|SNF2_N;,NA,NA
Ophcf2|06381,366,366,NA,NA,NA,NA
Ophcf2|06391,1902,1977,"GO:0003824|catalytic activity; GO:0016787|hydrolase activity; GO:0004555|alpha,alpha-trehalase activity; GO:0015927|trehalase activity; GO:0005991|trehalose metabolic process; GO:0044237|cellular metabolic process; GO:0044262|cellular carbohydrate metabolic process; GO:0004553|hydrolase activity, hydrolyzing O-glycosyl compounds; GO:0003674|molecular_function; GO:0008150|biological_process; GO:0009311|oligosaccharide metabolic process; GO:0005975|carbohydrate metabolic process; GO:0005984|disaccharide metabolic process; GO:0071704|organic substance metabolic process; GO:0009987|cellular process; GO:0044238|primary metabolic process; GO:0016798|hydrolase activity, acting on glycosyl bonds; GO:0008152|metabolic process;",PF01204|Trehalase;,Has signal peptide;,NA
Ophcf2|06420,1473,1537,GO:0003824|catalytic activity; GO:0005488|binding; GO:1901265|nucleoside phosphate binding; GO:0097159|organic cyclic compound binding; GO:0048037|cofactor binding; GO:0055114|oxidation-reduction process; GO:0016491|oxidoreductase activity; GO:0003674|molecular_function; GO:0008150|biological_process; GO:0036094|small molecule binding; GO:0050662|coenzyme binding; GO:0043167|ion binding; GO:0050660|flavin adenine dinucleotide binding; GO:0000166|nucleotide binding; GO:0008152|metabolic process; GO:0043168|anion binding; GO:1901363|heterocyclic compound binding;,PF01565|FAD_binding_4;,Has signal peptide;,NA
Ophcf2|06447,1110,1282,NA,NA,NA,NA
Ophcf2|06468,2169,2339,"GO:0035639|purine ribonucleoside triphosphate binding; GO:0097159|organic cyclic compound binding; GO:0003674|molecular_function; GO:0032553|ribonucleotide binding; GO:0071704|organic substance metabolic process; GO:0009987|cellular process; GO:0016887|ATPase activity; GO:0008144|drug binding; GO:0005488|binding; GO:0043170|macromolecule metabolic process; GO:0016787|hydrolase activity; GO:0044237|cellular metabolic process; GO:0006807|nitrogen compound metabolic process; GO:0006259|DNA metabolic process; GO:0044260|cellular macromolecule metabolic process; GO:0016462|pyrophosphatase activity; GO:0043167|ion binding; GO:0000166|nucleotide binding; GO:0006725|cellular aromatic compound metabolic process; GO:0046483|heterocycle metabolic process; GO:0043168|anion binding; GO:0003676|nucleic acid binding; GO:1901363|heterocyclic compound binding; GO:0097367|carbohydrate derivative binding; GO:0003824|catalytic activity; GO:0006139|nucleobase-containing compound metabolic process; GO:0003677|DNA binding; GO:0017111|nucleoside-triphosphatase activity; GO:0017076|purine nucleotide binding; GO:0005524|ATP binding; GO:0032559|adenyl ribonucleotide binding; GO:0034641|cellular nitrogen compound metabolic process; GO:0044238|primary metabolic process; GO:1901265|nucleoside phosphate binding; GO:0016818|hydrolase activity, acting on acid anhydrides, in phosphorus-containing anhydrides; GO:0032555|purine ribonucleotide binding; GO:0008150|biological_process; GO:0036094|small molecule binding; GO:1901360|organic cyclic compound metabolic process; GO:0090304|nucleic acid metabolic process; GO:0006270|DNA replication initiation; GO:0008152|metabolic process; GO:0016817|hydrolase activity, acting on acid anhydrides; GO:0030554|adenyl nucleotide binding;",PF00493|MCM; PF14551|MCM_N; PF17207|MCM_OB; PF07728|AAA_5; PF01078|Mg_chelatase; PF17855|MCM_lid;,NA,NA
Ophcf2|06585,270,270,NA,NA,NA,1;
Ophcf2|06586,882,943,NA,NA,NA,NA
Ophcf2|06701,1185,1185,NA,NA,NA,NA
Ophcf2|06721,2064,2254,GO:0044419|interspecies interaction between organisms; GO:0005575|cellular_component; GO:0003674|molecular_function; GO:0044421|extracellular region part; GO:0008150|biological_process; GO:0009405|pathogenesis; GO:0051704|multi-organism process; GO:0090729|toxin activity; GO:0005615|extracellular space;,PF01375|Enterotoxin_a;,Has signal peptide;,NA
Ophcf2|06778,1887,1999,GO:0003674|molecular_function; GO:0005488|binding; GO:0005515|protein binding;,PF00400|WD40;,NA,NA
Ophcf2|06801,465,465,NA,NA,NA,NA
Ophcf2|06879,2157,2287,GO:0003674|molecular_function; GO:0005488|binding; GO:0005515|protein binding;,PF04383|KilA-N; PF00023|Ank;,NA,NA
Ophcf2|06914,825,825,NA,PF08659|KR; PF13561|adh_short_C2; PF02719|Polysacc_synt_2; PF00106|adh_short;,NA,NA
Ophcf2|06916,1497,1618,GO:0003824|catalytic activity; GO:0055114|oxidation-reduction process; GO:0016491|oxidoreductase activity; GO:0003674|molecular_function; GO:0008150|biological_process; GO:0008152|metabolic process;,PF00171|Aldedh;,NA,NA
Ophcf2|06917,330,389,NA,PF07876|Dabb;,NA,NA
Ophcf2|06934,237,1260,NA,NA,NA,NA
Ophcf2|07095,1143,1363,NA,NA,NA,NA
Ophcf2|07137,2448,2697,"GO:0035639|purine ribonucleoside triphosphate binding; GO:0097159|organic cyclic compound binding; GO:0003674|molecular_function; GO:0032553|ribonucleotide binding; GO:0071704|organic substance metabolic process; GO:0009987|cellular process; GO:0016887|ATPase activity; GO:0008144|drug binding; GO:0005488|binding; GO:0043170|macromolecule metabolic process; GO:0016787|hydrolase activity; GO:0044237|cellular metabolic process; GO:0006807|nitrogen compound metabolic process; GO:0006259|DNA metabolic process; GO:0044260|cellular macromolecule metabolic process; GO:0016462|pyrophosphatase activity; GO:0043167|ion binding; GO:0000166|nucleotide binding; GO:0006725|cellular aromatic compound metabolic process; GO:0046483|heterocycle metabolic process; GO:0043168|anion binding; GO:0003676|nucleic acid binding; GO:1901363|heterocyclic compound binding; GO:0097367|carbohydrate derivative binding; GO:0003824|catalytic activity; GO:0006139|nucleobase-containing compound metabolic process; GO:0003677|DNA binding; GO:0017111|nucleoside-triphosphatase activity; GO:0017076|purine nucleotide binding; GO:0005524|ATP binding; GO:0032559|adenyl ribonucleotide binding; GO:0034641|cellular nitrogen compound metabolic process; GO:0044238|primary metabolic process; GO:1901265|nucleoside phosphate binding; GO:0016818|hydrolase activity, acting on acid anhydrides, in phosphorus-containing anhydrides; GO:0032555|purine ribonucleotide binding; GO:0008150|biological_process; GO:0036094|small molecule binding; GO:1901360|organic cyclic compound metabolic process; GO:0090304|nucleic acid metabolic process; GO:0006270|DNA replication initiation; GO:0008152|metabolic process; GO:0016817|hydrolase activity, acting on acid anhydrides; GO:0030554|adenyl nucleotide binding;",PF07728|AAA_5; PF01078|Mg_chelatase; PF14551|MCM_N; PF00493|MCM; PF17207|MCM_OB; PF17855|MCM_lid;,NA,NA
Ophcf2|07264,1905,2999,GO:0035639|purine ribonucleoside triphosphate binding; GO:0005488|binding; GO:1901265|nucleoside phosphate binding; GO:0097159|organic cyclic compound binding; GO:0017076|purine nucleotide binding; GO:0003674|molecular_function; GO:0032555|purine ribonucleotide binding; GO:0036094|small molecule binding; GO:0005524|ATP binding; GO:0043167|ion binding; GO:0032553|ribonucleotide binding; GO:0032559|adenyl ribonucleotide binding; GO:0000166|nucleotide binding; GO:0030554|adenyl nucleotide binding; GO:0043168|anion binding; GO:1901363|heterocyclic compound binding; GO:0097367|carbohydrate derivative binding; GO:0008144|drug binding;,PF13401|AAA_22; PF17872|AAA_lid_10; PF00004|AAA; PF13191|AAA_16;,NA,NA
Ophcf2|07324,2547,2547,"GO:0003824|catalytic activity; GO:0016741|transferase activity, transferring one-carbon groups; GO:0008168|methyltransferase activity; GO:0016740|transferase activity; GO:0003674|molecular_function;",PF08241|Methyltransf_11;,NA,NA
